forecaster,scenario,n_segments,r_cell,n_days,grid_cost,grid_revenue,net_profit_ex_degradation,degradation_cost_model,degradation_cost_rainflow,net_profit_incl_degradation,rainflow_relative_error,life_loss_fraction,rainflow_cycles,mean_cycle_depth,max_cycle_depth,discharged_kwh,equivalent_full_cycles,final_soc_kwh,n_windows,solve_seconds,price_mae,price_median_ae,price_mae_clip1000,price_fc_spike_frac,price_actual_spike_frac,price_rmse,price_rmae_vs_naive,price_mae_1h,price_mae_24h,price_rmae_1h,price_rmae_24h,net_local_mae_kw,profit_gap_to_perfect,profit_pct_of_perfect,life_loss_pct
perfect,household,4,12000.0,,73.58220096314443,116.89012485945521,43.30792389631078,15.686106033494731,15.066620750791312,28.24130314551947,0.04111640512826229,0.0012555517292326093,91.5,0.10935703638280479,0.75,125.84532639919924,9.321876029570314,10.125,8928,2628.3134181779765,0.0,0.0,11.598077145500808,0.0011493754337265787,0.0011493754337265787,0.0,0.0,0.0,0.0,0.0,0.0,0.0,0.0,100.0,0.12555517292326093
noise_price_0.25,household,4,12000.0,,73.73875452837333,117.41457418386359,43.67581965549026,16.39781083533565,15.577347266343423,28.098472389146835,0.05267030098025289,0.0012981122721952853,89.5,0.11518544212385855,0.75,129.70338246839435,9.607657960621804,10.125,8928,2537.9797277289936,19.792277221653695,13.108709518030494,29.611990338127452,0.0011566042100393246,0.0011493754337265787,85.96859954537405,0.3226553554046983,7.470171446035565,32.06661535184463,0.09371551640969845,0.5245264339566759,0.0,0.14283075637263565,99.4942487050379,0.12981122721952854
noise_price_0.5,household,4,12000.0,,73.45756173597732,118.12743068807117,44.66986895209385,18.259407128444206,16.92183303054693,27.74803592154692,0.07904427939235154,0.0014101527525455777,107.5,0.10332002336291243,0.75,139.86413246839427,10.360306108769946,10.125,8928,2569.5835606460278,41.06891552290427,26.25214335744802,48.97229796225512,0.0012337111573752794,0.0011493754337265787,186.40463984609815,0.6695088890342981,14.84363387862934,66.4509348581492,0.18621778956231216,1.0869644804039886,0.0,0.49326722397255196,98.25338362953408,0.1410152752545578
noise_price_1,household,4,12000.0,,75.51801393819008,120.67379391920133,45.15577998101125,24.73345152005978,20.77322414758067,24.38255583343058,0.19064095897411928,0.001731102012298389,163.5,0.08307754042938166,0.7529051793748323,171.6574979401178,12.715370217786504,9.582634418063412,8928,2656.967776048987,95.85270932461891,52.89868997986379,97.2073952467801,0.005069781787339039,0.0011493754337265787,523.9388146883168,1.5625988686032608,29.466475083936732,165.2284784927145,0.36966566955168867,2.7027082110455836,0.0,3.858747312088891,86.33651112979506,0.17311020122983892
noise_price_2,household,4,12000.0,,97.12859364753766,131.42264672128184,34.29405307374418,52.87455977324081,33.79757453176338,0.49647854198079955,0.5644483518646772,0.002816464544313615,460.5,0.05344286046733413,0.8870930591474893,312.27860015701623,23.13174815977898,9.202497345016965,8928,2882.362493751023,388.285175440918,109.68434191375593,242.919648355248,0.05612903847636672,0.0011493754337265787,3659.368023290036,6.329857341690841,59.38013993466999,950.1952384666522,0.7449414673623092,15.54272300106833,0.0,27.74482460353867,1.7579873684390046,0.2816464544313615
noise_net_0.5,household,4,12000.0,,74.16418397920911,117.27608061051355,43.11189663130443,15.86810499636417,15.195025477455799,27.916871153848632,0.044296044117003344,0.0012662521231213166,86.5,0.1170584046200417,0.75,127.3657754808374,9.434501887469438,10.125,8928,2669.8983921890112,0.0,0.0,11.598077145500808,0.0011493754337265787,0.0011493754337265787,0.0,0.0,0.0,0.0,0.0,0.0,0.26611359073335095,0.32443199167083847,98.85121451372434,0.12662521231213167
noise_net_1,household,4,12000.0,,74.65988946545934,117.53693744926125,42.8770479838019,15.97514850708133,15.232523849442924,27.644524134358978,0.04875256818754733,0.001269376987453577,87.5,0.11621321495499172,0.75,127.91474655097461,9.475166411183304,10.125,8928,2659.07599585398,0.0,0.0,11.598077145500808,0.0011493754337265787,0.0011493754337265787,0.0,0.0,0.0,0.0,0.0,0.0,0.5322271814667019,0.5967790111604927,97.88685738726198,0.1269376987453577
noise_net_2,household,4,12000.0,,75.58168639420255,117.95547028051494,42.373783886312395,16.12532801908757,15.332264287187307,27.04151959912509,0.05172515403109767,0.0012776886905989423,106.5,0.09620592992572884,0.75,128.89891416565553,9.548067715974483,10.125,8928,2660.4250449789665,0.0,0.0,11.598077145500808,0.0011493754337265787,0.0011493754337265787,0.0,0.0,0.0,0.0,0.0,0.0,1.0644543629334038,1.1997835463943822,95.75167073483743,0.12776886905989424
noise_net_3,household,4,12000.0,,76.3316548332361,118.33781392419071,42.00615909095461,16.322001961573143,15.42291028950675,26.583248801447862,0.05829585047110771,0.0012852425241255624,121.5,0.08525497344932498,0.75,130.33230802256543,9.65424503870855,10.125,8928,2662.7902552129985,0.0,0.0,11.598077145500808,0.0011493754337265787,0.0011493754337265787,0.0,0.0,0.0,0.0,0.0,0.0,1.5966815444001061,1.6580543440716085,94.1289736683604,0.12852425241255624
